uid,email,username,password,surname,name
b98bf30f-ebec-48b4-b5a3-e76f9f292f6f,dimosthenstephanid80@yandex.com,dimosstephanid9,dd72d3885503f820a5cb96e90eddc3c0,Stephanidis,Dimosthenis
e1c93936-8a00-452c-be5c-d7e4247cf93d,thaliflor88@protonmail.com,tfloro6,7cd384494a3b02380f1b3931e0e25d2f,Florou,Thalia
240ebfb1-9a19-430f-9482-e6206cfe9aac,veniiordan67@yandex.com,venior9,1ed313156f43342bbf85d8df61550426,Iordanou,Veniamin
a4678191-5376-4627-8e5f-acf46ab3c713,savpap66@yahoo.com,sior0,8e4f6df7fb198e1de4f4b35a16cc0305,Papadelis,Savvas
a92a5a35-6e61-455e-94e6-6df3aa6bb2fb,verap62@yandex.com,vera3,969581662196c60049f69cab7e0f0fe9,Rapti,Venetia
4769f9f7-8300-4924-9b34-3369a0f4d9b7,harargy85@protonmail.com,harg3,c2425bdb3b49013d119c221ff8f05c14,Argyris,Haris
8bf08b6d-e2ba-4a30-9309-e65d8fd81431,ioananton102@hotmail.com,hanto5,d19862a9d23d42c1d7ee3854a5078c6a,Antoniou,Ioannis
0f18fd57-89cc-4233-99ef-a7604dc244a9,theofilopapadopo105@uop.gr,theofpap5,94bd5ef14eb0d55c1b9a67a7ea5f7779,Papadopoulos,Theofilos
d6c4ec29-5954-4420-a0da-809a78172ab9,alkiviadipapa93@gmail.com,papadim7,ca7ca02a1cdb27b166fb74bd444c2ce9,Papadimitriou,Alkiviadis
2affcf3d-b2f1-4705-9096-87b83a59b58b,ignatiomichel61@uop.gr,imic1,3c57a704786d803f99176cd303e32f5f,Michelakis,Ignatios
1670f639-5ae5-4dca-9d8a-b70f5f849c14,kallirstefan101@yandex.com,kstefa7,1ba9f080632e6be4eb0291175be1371d,Stefanidi,Kallirroi
1c18a8fe-53c7-49a2-bbc7-e2354a7a17af,thstefan105@hotmail.com,theofstefa5,d37f4b9668a030f732d109b55543cf1d,Stefanidi,Theofania
03844f2e-b0fd-4e69-bde1-3b4404ce1eef,prokopantonio87@protonmail.com,prokant3,081b51fe2b340c001b3eca4d6a8bca34,Antoniou,Prokopis
69bb82bb-95c2-4522-ac3a-1375cf960f75,chryargy79@aol.com,chrysana9,4eeb7369dfb20e2db62dd15a8a9887f7,Argyris,Chrysanthos
71ea93b3-dcb0-45dd-b0c6-fc1cc3c54bed,petroulimn71@aol.com,petrolimni9,04a6589073d5cf3f17aa896b2ad7b78b,Limnioti,Petroula
4b16d706-5352-46a0-a241-1eedd09765e0,kamarin79@outlook.com,kallmari7,7ed173fe50f33a23c2893c12f64bb41f,Marinou,Kallirroi
0832873f-44aa-4913-83a2-5889e031f115,klpap82@protonmail.com,klpap1,3f6015b30e1ad7a10deedc422afd6909,Papadaki,Klio
d42bf7dd-fcf2-4d64-a9ee-99007020b19f,appapag89@protonmail.com,apospapageo2,a7ab616fbe8fcd6defba20c767e2cccc,Papageorgiou,Apostolis
8bc55c9f-b10b-48c2-a6c5-f49619985c7d,evgesta98@yandex.com,evgsta3,927ad7acf99bf5df58d77fb63247a3d9,Stavrou,Evgenios
74f5fdce-34ff-4434-9e11-fb251ff4d804,argyandre95@outlook.com,arandrea6,31b67d29ae20d3079542da551ff2fd23,Andreatos,Argyris
b8bdd1de-04d3-4e3d-976d-a40cf3ee2c72,yopap79@outlook.com,papa6,2b2d769f98f2038bf61a4d5dc8ff809e,Papageorgiou,Yorgos
2ee70708-2e29-49cb-bf95-e22cb3fa396c,smarmarino90@yandex.com,smar2,6df40705b9ed38904e39823fd85e57e4,Marini,Smaragda
59aea4c0-e3c5-4b3e-9bbd-f49ad2d2a30c,pamich97@yandex.com,pamichela1,0b5947b3c755dc633fab7277e4d09d38,Michelakos,Panagiotis
92c2a5c0-2855-4922-bc10-a42e90db4121,leonidapach91@yahoo.com,lepa5,5566c86fdfe8b00608efdeb3f5f43a36,Pachis,Leonidas
0d72508d-48da-47b2-b179-df70efa583ec,agior94@yandex.com,aiordan6,b1b2872778dc2569687228bb3390b3a8,Iordanou,Aglaia
89db81fc-98f5-4cfa-bebc-4720698b0f33,agapitometa79@gmail.com,metal88,e7264e1339ff9b26d35f346cf8a8284c,Metalis,Agapitos
0abc36e1-cf20-4f39-a2de-2cc99908fb43,popapai101@yahoo.com,polpapaioanno3,01b37e95f9099717a6c87cdde9afc7a4,Papaioannou,Polyxeni
6624a9fa-2823-4158-8d1a-dae8982cf43a,almichel68@aol.com,almichel2,0edfb3e2ca980d7836af18740a2e0bc8,Michelakakis,Alexia
776a9427-049c-48ca-96a5-9e004b8e878f,perapt77@gmail.com,perra0,9a722ffa7919769fb3e03c2cec7c3a07,Rapti,Persefoni
7ce42c38-bfb6-4990-b3c1-c3af9e0ba7a8,vasilantonio80@protonmail.com,vaanto7,b6ec72c888feede5d6fbd640fe3a62a6,Antoniou,Vasiliki
ef68a629-922f-46d0-a192-cdf0eb721ff3,michaespyro89@hotmail.com,michs2,ed6847d45df56d001059680731d39dfb,Spyrou,Michaela
72fd7868-792f-4c2a-9313-48b3015782d5,michantoni68@protonmail.com,micanton0,f29d6b932df4fd2b78094f8e51625fd6,Antoniadou,Michaela
003148e3-82ba-4036-94ea-a18d1af58745,irasteph71@aol.com,istephan7,1873adc044f199f20b05cf4c164905f9,Stephanou,Iraklis
b99ff2d4-d64a-4d76-a4d4-a0efa396b0d0,demetrpapajim94@aol.com,dempapad1,e6006f7b355052cdc677d0156590e299,Papadimitriou,Demetrios
c91b50ed-44a9-45ca-ba85-85d0567dac8b,spiridmich78@aol.com,spirm7,ad9cfbdf6a8a233e464ab77f6ed8502a,Michailidis,Spiridon
ec9df5ca-65aa-48ab-9fee-4f9f6e569b60,elpach109@yahoo.com,elefp6,174c7b81a39f1d6ffd85db115f6dc679,Pachopoulou,Eleftheria
b440d9f4-294b-4484-81ec-0f1aa506f750,effrosydemetri74@aol.com,effrodemet5,7a9011db3654571501bdcf8cbddf7111,Demetriou,Effrosyni
910fb9c9-83e3-4d73-954c-ba9eff4dd03d,sokraefth99@yahoo.com,sokpachi4,2d40c27365646d6061f4d55b40874c96,Efthimiou,Sokratis
f3cfef44-c9aa-4c97-96ae-1bc01b0e7e4a,irida68@yahoo.com,irid3,93a3b7291caced7811e444be01d618dc,Papadopoulou,Iris
